date,change_type,url_or_scope,description,opportunity_id,implemented_by,verification,notes
2026-08-20,analytics,sitewide,"Installed and activated Super Speedy Analytics 1.0.1 in first-party banner mode; GA4 output left disabled pending a supported consent manager",,Codex,"Recorder reports ssav-hit 1.2.0 active; dashboard and front-end script verified","Surbma remains active for consent and still outputs the obsolete UA tag"
2026-08-20,maintenance,sitewide,"Updated WordPress from 7.0.4 to 7.1, updated ten plugins and translations, and deactivated Follow-Up Emails plus the unused Extra Product Options plugin; themes were not updated",,Codex,"Customer/Order/Coupon Export was already inactive; Extra Product Options had no global forms, templates, lookup tables, product-level add-ons or storefront resources; homepage, both product pages, cart and recorder returned HTTP 200 after the changes","Six plugin updates remain blocked by missing licences/packages or PHP 8.1; retained local Updraft restore set created but Google Drive upload failed because its refresh token has expired"
2026-08-20,analytics,sitewide,"Replaced Surbma with Pressidium Cookie Consent 1.9.1, enabled Google Consent Mode v2 and enabled GA4 property G-PJRGPRQG3K through Super Speedy Analytics",,Codex,"An anonymous browser showed only the Pressidium banner; the GA4 loader was blocked as analytics text/plain before consent and became executable after Accept all; the normal cached homepage contains no Surbma or UA-30254111-7 output; homepage, both product pages, cart and recorder returned HTTP 200","Pressidium package downloaded from the installed copy on superspeedyplugins.com; regex blocking covers googletagmanager.com/gtag/js and Page Scripts is enabled"
2026-08-20,content,https://www.multilingualizer.com/2026/08/20/weglot-pricing-calculator-squarespace/,"Published the Squarespace Weglot pricing calculator and pre-purchase guide; installed Multilingualizer Site Audit 0.2.0 with immediate homepage analysis and a durable ten-page report queue",OPP-2026-001,Codex,"Plugin active; wp_msa_audit_jobs exists; authenticated external worker endpoint returned an empty queue successfully; 9,000 words across two languages returned Business at EUR 29/month; homepage analysis exposed the email stage; no browser console errors","WordPress fallback worker runs after 30 seconds; standalone worker is ready for permanent process supervision"
2026-08-21,technical-seo,sitewide,"Changed post permalinks from dated paths to /%postname%/ and deployed Multilingualizer Site Audit 0.2.1 to 301 legacy dated post URLs; corrected calculator tab contrast and article table spacing",OPP-2026-001,Codex,"Clean calculator URL returned 200; dated calculator plus 2023, 2017 legacy samples returned 301 to clean paths after cache purge; inactive tabs measured dark-on-light; tables measured full article width with 12px 14px cell padding; no browser console errors","Redirect handler covers valid /YYYY/MM/DD/post-slug/ paths for published posts; WordPress contains 44 published posts at migration time"
2026-08-21,commerce,https://www.multilingualizer.com/product/multilingualizer/,"Restored Multilingualizer product 4462 from a monthly subscription to a one-time downloadable virtual product at 99 EUR, 99 GBP or 99 USD; installed Super Speedy AJAX Prices 1.13.22 and Country Based Prices 1.13.8",,Codex,"Product type is simple; stored regular and active prices are 99; storefront and cart show a single EUR 99 charge; country preview returns GBP 99 for GB and USD 99 for US; historic reviews and orders remain attached","Base currency remains EUR; country pricing uses fixed multiplier 1 for GB and US and charges through the enabled local-currency gateways; the separate hidden subscription product was retained for historic entitlements"
2026-08-21,content,https://www.multilingualizer.com/,"Published eight Squarespace and Weglot cornerstone guides covering language subdomains, untranslated content, SEO, word counting, checkout/forms/emails, launch checks, small-site value and ecommerce",OPP-2026-001,Codex,"WordPress posts 45660-45667 are published; all eight clean canonical URLs returned HTTP 200 with the expected title and EUR 99/GBP 99/USD 99 Multilingualizer callout","The articles were published together as one cluster; Dave will review them live and follow-up edits should retain the canonical URLs"
2026-08-21,conversion,https://www.multilingualizer.com/,"Replaced hard-coded Multilingualizer currencies in the eight Squarespace guides and product excerpt with the AJAX-compatible [ssp_price] shortcode; linked and rewrote each guide callout to sell the one-time product positively",OPP-2026-001,Codex,"Multilingualizer Site Audit 0.2.2 is active; posts 45660-45667 each contain the linked callout and product 4462 shortcode with no old three-currency string; cache-busted public HTML renders an ajax-price wrapper for product 4462","The standard callout explains editor-native translation control, the functional limits and that there are no monthly fees"
2026-08-21,content,https://www.multilingualizer.com/who-uses-multilingual-squarespace/,"Published the aggregate customer-data study covering current Squarespace use, languages, countries, sectors and observable affiliate-tool adoption",OPP-2026-010,Codex,"WordPress post 45693 is published at the clean canonical URL; figures were regenerated from the read-only aggregate report; the dynamic Multilingualizer price renders and the page links to the Elfsight guide","Technology rates use 674 customers with a reachable current site rather than all 1,202 historic paid customers"
2026-08-21,content,https://www.multilingualizer.com/best-squarespace-widgets-multilingual-sites/,"Published the Elfsight and Squarespace widget cornerstone using observed widget counts and five verified public customer-site screenshots",OPP-2026-011,Codex,"WordPress post 45694 is published; five media assets load with useful article dimensions; no browser console errors; the dynamic Multilingualizer price renders and the page links to the customer-data study","Commercial Elfsight links remain pending until the affiliate account and outbound-click tracking are configured"
2026-08-21,design,sitewide,"Removed visible dates from single-post pages and applied full-width padded responsive table styling through the active Simple Custom CSS option",,Codex,"Cache-busted checks on posts 45693 and 45694 show the date container hidden, every article table matching the content width with 12px 14px cell padding, and all five screenshots constrained to the article width","The rule is scoped to single posts and does not alter WooCommerce product tables"
2026-08-21,internal-linking,https://www.multilingualizer.com/make-squarespace-multilingual/,"Completed the Squarespace cornerstone link architecture across the primary menu, guide hub, Weglot calculator, eight supporting guides, customer study, widget guide, legacy comparison and Multilingualizer product page",OPP-2026-001,Codex,"Live post mutations reported one replacement per page; primary menu item 5944 now displays Squarespace Guides; reciprocal link coverage verified against live WordPress content","The broad Squarespace hub and Weglot calculator remain distinct entry points for choosing an approach and evaluating Weglot respectively"
2026-08-21,navigation,sitewide,"Rebuilt the primary navigation around Products, Guides, Support, My Account and a highlighted Buy Multilingualizer action; removed duplicate and deeply nested platform and legal links from the sitewide menu",,Codex,"Live homepage HTML contains the five top-level routes, the intended two-level dropdown links and the menu-buy-cta class; old inherited menu title attributes were removed","Third-party affiliate products remain in problem-led guides and comparison content rather than appearing as owned products"
2026-08-21,commerce,https://www.multilingualizer.com/product/multicurrencyalizer-3/,"Restored Multicurrencyalizer as a 99 one-time simple product with the message Pay once, use forever. No monthly or yearly fees",,Codex,"Public product returns 200, renders an AJAX price for product 9122, contains a simple-product add-to-cart button and has no subscription price; GB and US country-price zones both use fixed multiplier 1","The former subscription product 12188 is private at a legacy slug so historic subscription records remain intact; no existing subscriptions were cancelled"
2026-08-21,content-draft,https://www.multilingualizer.com/?page_id=45712&preview=true,"Created a separate Themify homepage redesign draft based on an edited clone of the original nine-row visual layout, centred on the two one-time products, guide entry points and customer evidence",,Codex,"Authenticated preview preserves the original imagery, customer photograph, installation graphic, videos, alternating testimonial sections and country banner while rendering both dynamic 99 product prices and current product and guide routes","Live homepage 5899 was not changed; draft 45712 requires explicit approval before replacing it"
